{
    "model_type": "baseline",
    "metrics": {
        "accuracy": 0.6758741258741259,
        "precision": 0.3125,
        "recall": 0.6903353057199211,
        "f1": 0.430239704978488,
        "roc_auc": 0.7431312244807292
    }
}